plate,unit,mainLines,minorLines
51B20928,HTX 26,34,90
51B20955,HTX 26,34,90
51B21023,HTX 26,34,90
51B21052,HTX 26,34,90
51B21057,HTX 26,34,90
51B21063,HTX 26,34,90
51B21074,HTX 26,34,90
51B21091,HTX 26,34,90
51B21093,HTX 26,34,90
51B21097,HTX 26,34,90
51B21101,HTX 26,34,90
51B21114,HTX 26,34,90
51B21133,HTX 26,34,90
51B21153,HTX 26,34,90
51B21162,HTX 26,34,90
51B21187,HTX 26,34,90
51B21191,HTX 26,34,90
51B21456,HTX 26,34,90
51B21605,HTX 26,34,90
51B21615,HTX 26,34,90
51B21625,HTX 26,34,90
51B21692,HTX 26,34,90
51B21756,HTX 26,34,90
51B21802,HTX 26,34,90
51B21815,HTX 26,34,90
51B21820,HTX 26,34,90
51B21836,HTX 26,34,90
51B21843,HTX 26,34,90
51B21850,HTX 26,34,90
51B21866,HTX 26,34,90
51B21869,HTX 26,34,90
51B21876,HTX 26,34,90
51B21880,HTX 26,34,90
51B21889,HTX 26,34,90
51B21925,HTX 26,34,90
51B21948,HTX 26,34,90
51B21954,HTX 26,34,90
51B21977,HTX 26,34,90
51B21993,HTX 26,34,90
51B21453,HTX 26,77,90
51B21648,HTX 26,77,90
51B21826,HTX 26,77,90
51B21858,HTX 26,77,90
51B21861,HTX 26,77,90
51B21881,HTX 26,77,90
51B21888,HTX 26,77,90
51B21894,HTX 26,77,90
51B21900,HTX 26,77,90
51B21922,HTX 26,77,90
51B21928,HTX 26,77,90
51B21931,HTX 26,77,90
51B21939,HTX 26,77,90
51B21958,HTX 26,77,90
51B21962,HTX 26,77,90
51B21965,HTX 26,77,90
51B21966,HTX 26,77,90
51B21989,HTX 26,77,90
51B20928,HTX 26,75,
51B20955,HTX 26,75,
51B21023,HTX 26,75,
51B21052,HTX 26,75,
51B21057,HTX 26,75,
51B21063,HTX 26,75,
51B21074,HTX 26,75,
51B21091,HTX 26,75,
51B21093,HTX 26,75,
51B21097,HTX 26,75,
51B21101,HTX 26,75,
51B21114,HTX 26,75,
51B21133,HTX 26,75,
51B21153,HTX 26,75,
51B21162,HTX 26,75,
51B21187,HTX 26,75,
51B21191,HTX 26,75,
51B21456,HTX 26,75,
51B21605,HTX 26,75,
51B21615,HTX 26,75,
51B21625,HTX 26,75,
51B21692,HTX 26,75,
51B21756,HTX 26,75,
51B21802,HTX 26,75,
51B21815,HTX 26,75,
51B21820,HTX 26,75,
51B21836,HTX 26,75,
51B21843,HTX 26,75,
51B21850,HTX 26,75,
51B21866,HTX 26,75,
51B21869,HTX 26,75,
51B21876,HTX 26,75,
51B21880,HTX 26,75,
51B21889,HTX 26,75,
51B21925,HTX 26,75,
51B21948,HTX 26,75,
51B21954,HTX 26,75,
51B21977,HTX 26,75,
51B21993,HTX 26,75,
51B27428,CTY 26,20,
51B27648,CTY 26,20,
51B27703,CTY 26,20,
51B27725,CTY 26,20,
51B27800,CTY 26,20,
51B27810,CTY 26,20,
51B27813,CTY 26,20,
51B27820,CTY 26,20,
51B27829,CTY 26,20,
51B27836,CTY 26,20,
51B27838,CTY 26,20,
51B27842,CTY 26,20,
51B27847,CTY 26,20,
51B27849,CTY 26,20,
51B27857,CTY 26,20,
51B27862,CTY 26,20,
51B27888,CTY 26,20,
51B27891,CTY 26,20,
51B27905,CTY 26,20,
51B27912,CTY 26,20,
51B27913,CTY 26,20,
51B27922,CTY 26,20,
51B27934,CTY 26,20,
51B27940,CTY 26,20,
51B27941,CTY 26,20,
51B27942,CTY 26,20,
51B27949,CTY 26,20,
51B27952,CTY 26,20,
51B27962,CTY 26,20,
51B27965,CTY 26,20,
51B27983,CTY 26,20,
51B27988,CTY 26,20,
51B27991,CTY 26,20,
51B16669,CTY 26,110,
51B16419,CTY 26,110,
51B16532,CTY 26,110,
51B16559,CTY 26,110,
51B16481,CTY 26,110,
51B16672,CTY 26,110,
51B16443,CTY 26,110,
51B16198,CTY 26,110,
51B16644,CTY 26,110,
51B16639,CTY 26,110,
51B16613,CTY 26,110,
51B16569,CTY 26,110,
51B16395,CTY 26,110,
51B16555,CTY 26,110,
51B16622,CTY 26,110,
51B16479,CTY 26,110,
51B22536,CTY 26,110,
51B22425,CTY 26,110,
51B22524,CTY 26,110,
51B30923,CTY 26,110,
51B30885,CTY 26,110,
51B30842,CTY 26,110,
51B22367,CTY 26,140,
51B22514,CTY 26,140,
51B22573,CTY 26,140,
51B22560,CTY 26,140,
51B22423,CTY 26,140,
51B22556,CTY 26,140,
51B22303,CTY 26,140,
51B22416,CTY 26,140,
51B22596,CTY 26,140,
51B22554,CTY 26,140,
51B22396,CTY 26,140,
51B22424,CTY 26,140,
51B22571,CTY 26,140,
51B30905,CTY 26,140,
51B30938,CTY 26,140,
51B16188,LH HTX VTTP,14,
51B16171,LH HTX VTTP,14,
51B16407,LH HTX VTTP,14,
51B16458,LH HTX VTTP,14,
51B16615,LH HTX VTTP,14,
51B16620,LH HTX VTTP,14,
51B16645,LH HTX VTTP,14,
51B16666,LH HTX VTTP,14,
51B16667,LH HTX VTTP,14,
51B16744,LH HTX VTTP,14,
51B16671,LH HTX VTTP,14,
51B16457,LH HTX VTTP,14,
51B16589,LH HTX VTTP,14,
51B16497,LH HTX VTTP,14,
51B16281,LH HTX VTTP,14,
51B16587,LH HTX VTTP,14,
51B1662-1,LH HTX VTTP,14,
51B16177,LH HTX VTTP,14,
51B16512,LH HTX VTTP,14,
51B16192,LH HTX VTTP,14,
51B16579,LH HTX VTTP,14,
51B16459,LH HTX VTTP,14,
51B16534,LH HTX VTTP,14,
51B16608,LH HTX VTTP,14,
51B16575,LH HTX VTTP,14,
51B16558,LH HTX VTTP,14,
51B16531,LH HTX VTTP,14,
51B16440,LH HTX VTTP,14,
51B16642,LH HTX VTTP,14,
51B16629,LH HTX VTTP,14,
51B16308,LH HTX VTTP,14,
51B16541,LH HTX VTTP,14,
53N3370,LH HTX VTTP,9,
53N3346,LH HTX VTTP,9,
53N3342,LH HTX VTTP,9,
53N3350,LH HTX VTTP,9,
53N3347,LH HTX VTTP,9,
53N3344,LH HTX VTTP,9,
53N3452,LH HTX VTTP,9,
53N3348,LH HTX VTTP,9,
53N3340,LH HTX VTTP,9,
53N3450,LH HTX VTTP,9,
53N3371,LH HTX VTTP,9,
53N3352,LH HTX VTTP,9,
53N3343,LH HTX VTTP,9,
53N3453,LH HTX VTTP,9,
53N3339,LH HTX VTTP,9,
53N3349,LH HTX VTTP,9,
53N3366,LH HTX VTTP,9,
53N3372,LH HTX VTTP,9,
53N3359,LH HTX VTTP,9,
53N4314,LH HTX VTTP,9,
53N4315,LH HTX VTTP,9,
53N4316,LH HTX VTTP,9,
53N4318,LH HTX VTTP,9,
53N4319,LH HTX VTTP,9,
51B27664,LH HTX VTTP,9,
53N8525,LH HTX VTTP,9,
53N8550,LH HTX VTTP,9,
53N8552,LH HTX VTTP,9,
53N3439,LH HTX VTTP,47,
53N3341,LH HTX VTTP,47,
53N3338,LH HTX VTTP,47,
53N3438,LH HTX VTTP,47,
53N3351,LH HTX VTTP,47,
53N3449,LH HTX VTTP,47,
53N3437,LH HTX VTTP,47,
53N3345,LH HTX VTTP,47,
53N3337,LH HTX VTTP,47,
53N3448,LH HTX VTTP,47,
53N3451,LH HTX VTTP,47,
53N3357,LH HTX VTTP,47,
53N4317,LH HTX VTTP,47,
53N4320,LH HTX VTTP,47,
53N8530,LH HTX VTTP,47,
53N8544,LH HTX VTTP,47,
53N8546,LH HTX VTTP,47,
51B04055,LH HTX VTTP,104,
51B04056,LH HTX VTTP,104,
51B04057,LH HTX VTTP,104,
51B04058,LH HTX VTTP,104,
51B04059,LH HTX VTTP,104,
51B05720,LH HTX VTTP,104,
51B05721,LH HTX VTTP,104,
51B05722,LH HTX VTTP,104,
51B05723,LH HTX VTTP,104,
51B05724,LH HTX VTTP,104,
51B05728,LH HTX VTTP,104,
51B05729,LH HTX VTTP,104,
51B00822,LH HTX VTTP,104,
51B09336,LH HTX VTTP,104,
51B09457,LH HTX VTTP,104,
51B09599,LH HTX VTTP,104,
51B09713,LH HTX VTTP,104,
51B09196,LH HTX VTTP,104,
51B08734,LH HTX VTTP,104,
51B09505,LH HTX VTTP,104,
51B11891,LH HTX VTTP,104,
51B11938,LH HTX VTTP,104,
51B12249,LH HTX VTTP,104,
51B14321,LH HTX VTTP,104,
51B14424,LH HTX VTTP,104,
51B14893,LH HTX VTTP,104,
51B17245,LH HTX VTTP,104,
51B19492,LH HTX VTTP,104,
51B19633,LH HTX VTTP,104,
51B19693,LH HTX VTTP,104,
51B19774,LH HTX VTTP,104,
51B19806,LH HTX VTTP,104,
51B19921,LH HTX VTTP,104,
51B19940,LH HTX VTTP,104,
51B19954,LH HTX VTTP,104,
51B24819,HTX Việt Thắng,22,
51B25007,HTX Việt Thắng,22,
51B25208,HTX Việt Thắng,22,
51B25228,HTX Việt Thắng,22,
51B25231,HTX Việt Thắng,22,
51B25277,HTX Việt Thắng,22,
51B25305,HTX Việt Thắng,22,
51B25306,HTX Việt Thắng,22,
51B25307,HTX Việt Thắng,22,
51B25323,HTX Việt Thắng,22,
51B25356,HTX Việt Thắng,22,
51B25358,HTX Việt Thắng,22,
51B25365,HTX Việt Thắng,22,
51B25388,HTX Việt Thắng,22,
51B25392,HTX Việt Thắng,22,
51B14674,HTX Việt Thắng,25,
51B14725,HTX Việt Thắng,25,
51B14736,HTX Việt Thắng,25,
51B15029,HTX Việt Thắng,25,
51B15077,HTX Việt Thắng,25,
51B15176,HTX Việt Thắng,25,
51B15188,HTX Việt Thắng,25,
51B15197,HTX Việt Thắng,25,
51B15226,HTX Việt Thắng,25,
51B15257,HTX Việt Thắng,25,
51B15263,HTX Việt Thắng,25,
51B15265,HTX Việt Thắng,25,
51B15636,HTX Việt Thắng,25,
51B15744,HTX Việt Thắng,25,
51B15796,HTX Việt Thắng,25,
51B19487,HTX Việt Thắng,25,
51B21635,HTX Việt Thắng,58,
51B21687,HTX Việt Thắng,58,
51B21736,HTX Việt Thắng,58,
51B21762,HTX Việt Thắng,58,
51B21810,HTX Việt Thắng,58,
51B21832,HTX Việt Thắng,58,
51B21886,HTX Việt Thắng,58,
51B21909,HTX Việt Thắng,58,
51B21910,HTX Việt Thắng,58,
51B21937,HTX Việt Thắng,58,
51B21938,HTX Việt Thắng,58,
51B21963,HTX Việt Thắng,58,
51B21972,HTX Việt Thắng,58,
51B21974,HTX Việt Thắng,58,
51B08003,HTX Việt Thắng,61,
51B08012,HTX Việt Thắng,61,
51B08040,HTX Việt Thắng,61,
51B08052,HTX Việt Thắng,61,
51B08078,HTX Việt Thắng,61,
51B08079,HTX Việt Thắng,61,
51B08081,HTX Việt Thắng,61,
51B08098,HTX Việt Thắng,61,
51B08132,HTX Việt Thắng,61,
51B08169,HTX Việt Thắng,61,
51B08174,HTX Việt Thắng,61,
51B08181,HTX Việt Thắng,61,
51B08182,HTX Việt Thắng,61,
51B08235,HTX Việt Thắng,61,
51B08236,HTX Việt Thắng,61,
51B08241,HTX Việt Thắng,61,
51B24642,HTX Việt Thắng,81,
51B24718,HTX Việt Thắng,81,
51B24789,HTX Việt Thắng,81,
51B24885,HTX Việt Thắng,81,
51B24907,HTX Việt Thắng,81,
51B24967,HTX Việt Thắng,81,
51B25003,HTX Việt Thắng,81,
51B25023,HTX Việt Thắng,81,
51B25028,HTX Việt Thắng,81,
51B25032,HTX Việt Thắng,81,
51B25047,HTX Việt Thắng,81,
51B25070,HTX Việt Thắng,81,
51B25076,HTX Việt Thắng,81,
51B25080,HTX Việt Thắng,81,
51B25083,HTX Việt Thắng,81,
51B25091,HTX Việt Thắng,81,
51B25122,HTX Việt Thắng,81,
51B25150,HTX Việt Thắng,81,
51B25156,HTX Việt Thắng,81,
51B25164,HTX Việt Thắng,81,
51B25177,HTX Việt Thắng,81,
51B25182,HTX Việt Thắng,81,
51B25201,HTX Việt Thắng,81,
51B25225,HTX Việt Thắng,81,
51B25293,HTX Việt Thắng,81,
51B25302,HTX Việt Thắng,81,
51B25311,HTX Việt Thắng,81,
51B25316,HTX Việt Thắng,81,
51B25345,HTX Việt Thắng,81,
51B25349,HTX Việt Thắng,81,
51B25377,HTX Việt Thắng,81,
51B25379,HTX Việt Thắng,81,
51B25393,HTX Việt Thắng,81,
51B20402,HTX Việt Thắng,100,
51B20403,HTX Việt Thắng,100,
51B20406,HTX Việt Thắng,100,
51B20408,HTX Việt Thắng,100,
51B20420,HTX Việt Thắng,100,
51B20432,HTX Việt Thắng,100,
51B20444,HTX Việt Thắng,100,
51B20484,HTX Việt Thắng,100,
51B20491,HTX Việt Thắng,100,
51B20497,HTX Việt Thắng,100,
51B20535,HTX Việt Thắng,100,
51B20539,HTX Việt Thắng,100,
51B20549,HTX Việt Thắng,100,
51B23483,HTX Việt Thắng,32,74
51B23686,HTX Việt Thắng,32,74
51B23804,HTX Việt Thắng,32,74
51B23806,HTX Việt Thắng,32,74
51B23825,HTX Việt Thắng,32,74
51B23827,HTX Việt Thắng,32,74
51B23834,HTX Việt Thắng,32,74
51B23849,HTX Việt Thắng,32,74
51B23855,HTX Việt Thắng,32,74
51B23857,HTX Việt Thắng,32,74
51B23860,HTX Việt Thắng,32,74
51B23865,HTX Việt Thắng,32,74
51B23869,HTX Việt Thắng,32,74
51B23885,HTX Việt Thắng,32,74
51B23894,HTX Việt Thắng,32,74
51B23902,HTX Việt Thắng,32,74
51B23909,HTX Việt Thắng,32,74
51B23921,HTX Việt Thắng,32,74
51B23925,HTX Việt Thắng,32,74
51B23933,HTX Việt Thắng,32,74
51B23935,HTX Việt Thắng,32,74
51B23952,HTX Việt Thắng,32,74
51B23953,HTX Việt Thắng,32,74
51B23954,HTX Việt Thắng,32,74
51B23959,HTX Việt Thắng,32,74
51B23980,HTX Việt Thắng,32,74
51B23987,HTX Việt Thắng,32,74
51B23989,HTX Việt Thắng,32,74
51B23990,HTX Việt Thắng,32,74
51B24025,HTX Việt Thắng,32,74
51B24040,HTX Việt Thắng,32,74
51B24054,HTX Việt Thắng,32,74
51B24070,HTX Việt Thắng,32,74
51B24081,HTX Việt Thắng,32,74
51B24092,HTX Việt Thắng,32,74
51B24098,HTX Việt Thắng,32,74
51B24125,HTX Việt Thắng,32,74
51B24127,HTX Việt Thắng,32,74
51B24156,HTX Việt Thắng,32,74
51B24164,HTX Việt Thắng,32,74
51B24165,HTX Việt Thắng,32,74
51B24179,HTX Việt Thắng,32,74
51B24196,HTX Việt Thắng,32,74
51B24197,HTX Việt Thắng,32,74
51B24198,HTX Việt Thắng,32,74
51B24204,HTX Việt Thắng,32,74
51B24205,HTX Việt Thắng,32,74
51B24223,HTX Việt Thắng,32,74
51B24227,HTX Việt Thắng,32,74
51B24231,HTX Việt Thắng,32,74
51B24237,HTX Việt Thắng,32,74
51B24250,HTX Việt Thắng,32,74
51B24291,HTX Việt Thắng,32,74
51B24321,HTX Việt Thắng,32,74
51B24323,HTX Việt Thắng,32,74
51B24324,HTX Việt Thắng,32,74
51B24334,HTX Việt Thắng,32,74
51B24335,HTX Việt Thắng,32,74
51B24361,HTX Việt Thắng,32,74
51B24369,HTX Việt Thắng,32,74
51B24373,HTX Việt Thắng,32,74
51B24380,HTX Việt Thắng,32,74
51B24386,HTX Việt Thắng,32,74
53N5104,HTX Việt Thắng,94,
53N5107,HTX Việt Thắng,94,
53N5167,HTX Việt Thắng,94,
53N5206,HTX Việt Thắng,94,
53N5209,HTX Việt Thắng,94,
53N5211,HTX Việt Thắng,94,
53N5214,HTX Việt Thắng,94,
53N5216,HTX Việt Thắng,94,
53N5217,HTX Việt Thắng,94,
53N5225,HTX Việt Thắng,94,
53N5227,HTX Việt Thắng,94,
51B11159,HTX 28,15,
51B11462,HTX 28,15,
51B11607,HTX 28,15,
51B12057,HTX 28,15,
51B12092,HTX 28,15,
51B12278,HTX 28,15,
51B12323,HTX 28,15,
51B12386,HTX 28,15,
51B12405,HTX 28,15,
51B12424,HTX 28,15,
51B13590,HTX 28,15,
51B13612,HTX 28,15,
51B13611,HTX 28,15,
51B08006,HTX 28,73,
51B08077,HTX 28,73,
51B08149,HTX 28,73,
51B08231,HTX 28,73,
51B08285,HTX 28,73,
51B08614,HTX 28,73,
51B08626,HTX 28,73,
51B08634,HTX 28,73,
51B08666,HTX 28,73,
51B08670,HTX 28,73,
51B08692,HTX 28,73,
51B08723,HTX 28,73,
51B08735,HTX 28,73,
51B08750,HTX 28,73,
51B08761,HTX 28,73,
51B21079,HTX 28,84,
51B21089,HTX 28,84,
51B21125,HTX 28,84,
51B21253,HTX 28,84,
51B21257,HTX 28,84,
51B21276,HTX 28,84,
51B21280,HTX 28,84,
51B21304,HTX 28,84,
51B21319,HTX 28,84,
51B21338,HTX 28,84,
51B21348,HTX 28,84,
51B21361,HTX 28,84,
51B21362,HTX 28,84,
51B21377,HTX 28,84,
51B21383,HTX 28,84,
51B21389,HTX 28,84,
51B21394,HTX 28,84,
51B20206,HTX 28,101,
51B20242,HTX 28,101,
51B20268,HTX 28,101,
51B20272,HTX 28,101,
51B20273,HTX 28,101,
51B20274,HTX 28,101,
51B20277,HTX 28,101,
51B20296,HTX 28,101,
51B20301,HTX 28,101,
51B20353,HTX 28,101,
51B20359,HTX 28,101,
51B20391,HTX 28,101,
51B20395,HTX 28,101,
51B20397,HTX 28,101,
51B04725,HTX 28,151,
51B04727,HTX 28,151,
51B04728,HTX 28,151,
51B04729,HTX 28,151,
51B04731,HTX 28,151,
51B04732,HTX 28,151,
51B04733,HTX 28,151,
51B04734,HTX 28,151,
51B04735,HTX 28,151,
51B04736,HTX 28,151,
51B04737,HTX 28,151,
51B04738,HTX 28,151,
51B04739,HTX 28,151,
51B04740,HTX 28,151,
51B08639,HTX 28,151,
51B08757,HTX 28,151,
51B10564,HTX 28,151,
51B10790,HTX 28,151,
51B10862,HTX 28,151,
51B10900,HTX 28,151,
51B13063,HTX 28,151,
51B13095,HTX 28,151,
51B17137,HTX 28,151,
51B17218,HTX 28,151,
51B18330,HTX 28,151,
51B18493,HTX 28,151,
51B23649,HTX 28,151,
51B23775,HTX 28,151,
53N3491,HTX Quyết Tiến,13,
53N3630,HTX Quyết Tiến,13,
53N4267,HTX Quyết Tiến,13,
53N4407,HTX Quyết Tiến,13,
53N4498,HTX Quyết Tiến,13,
53N4642,HTX Quyết Tiến,13,
53N4647,HTX Quyết Tiến,13,
53N4648,HTX Quyết Tiến,13,
53N5312,HTX Quyết Tiến,13,
53N5862,HTX Quyết Tiến,13,
53N6389,HTX Quyết Tiến,13,
53N7453,HTX Quyết Tiến,13,
53N3492,HTX Quyết Tiến,79,
53N3551,HTX Quyết Tiến,79,
53N3573,HTX Quyết Tiến,79,
53N3720,HTX Quyết Tiến,79,
53N3834,HTX Quyết Tiến,79,
53N3982,HTX Quyết Tiến,79,
53N3987,HTX Quyết Tiến,79,
53N4142,HTX Quyết Tiến,79,
53N4143,HTX Quyết Tiến,79,
53N4261,HTX Quyết Tiến,79,
53N4272,HTX Quyết Tiến,79,
53N4500,HTX Quyết Tiến,79,
51B03582,HTX Thanh Sơn,29,
51B04493,HTX Thanh Sơn,29,
51B04617,HTX Thanh Sơn,29,
51B04715,HTX Thanh Sơn,29,
51B04720,HTX Thanh Sơn,29,
51B04917,HTX Thanh Sơn,29,
51B08496,HTX Thanh Sơn,29,
51B08511,HTX Thanh Sơn,29,
51B08517,HTX Thanh Sơn,29,
51B10770,HTX Thanh Sơn,29,
51B10815,HTX Thanh Sơn,29,
51B10987,HTX Thanh Sơn,29,
53N6691,HTX Thanh Sơn,29,
53N6697,HTX Thanh Sơn,29,
53N6700,HTX Thanh Sơn,29,
53N6703,HTX Thanh Sơn,29,
53N6706,HTX Thanh Sơn,29,
53N6707,HTX Thanh Sơn,29,
53N6721,HTX Thanh Sơn,29,
53S1264,HTX Thanh Sơn,29,
53S1306,HTX Thanh Sơn,29,
53S1821,HTX Thanh Sơn,29,
53S1827,HTX Thanh Sơn,29,
53S2557,HTX Thanh Sơn,29,
53N4125,HTX Thanh Sơn,44,
53N4128,HTX Thanh Sơn,44,
51B16595,HTX Thanh Sơn,44,
51B20707,HTX Thanh Sơn,44,
51B20799,HTX Thanh Sơn,44,
51B20600,HTX Thanh Sơn,44,
51B22443,HTX Thanh Sơn,44,
51B22470,HTX Thanh Sơn,44,
51B20652,HTX Thanh Sơn,44,
51B20740,HTX Thanh Sơn,44,
51B21659,HTX Thanh Sơn,46,
51B21824,HTX Thanh Sơn,46,
51B21848,HTX Thanh Sơn,46,
51B21852,HTX Thanh Sơn,46,
51B21870,HTX Thanh Sơn,46,
51B21890,HTX Thanh Sơn,46,
51B21896,HTX Thanh Sơn,46,
51B21905,HTX Thanh Sơn,46,
51B21908,HTX Thanh Sơn,46,
51B21926,HTX Thanh Sơn,46,
51B21935,HTX Thanh Sơn,46,
51B21940,HTX Thanh Sơn,46,
51B21943,HTX Thanh Sơn,46,
51B21982,HTX Thanh Sơn,46,
51B00954,HTX Thanh Sơn,88,
51B03069,HTX Thanh Sơn,88,
51B01250,HTX Thanh Sơn,88,
51B02336,HTX Thanh Sơn,88,
51B02854,HTX Thanh Sơn,88,
51B03271,HTX Thanh Sơn,88,
51B04799,HTX Thanh Sơn,88,
51B05091,HTX Thanh Sơn,88,
51B10220,HTX Thanh Sơn,88,
51B13011,HTX Thanh Sơn,88,
51B13214,HTX Thanh Sơn,88,
51B24813,HTX Thanh Sơn,88,
51B40358,HTX Thanh Sơn,88,
51B40384,HTX Thanh Sơn,88,
53S7621,HTX Thanh Sơn,88,
53S7707,HTX Thanh Sơn,88,
53S7728,HTX Thanh Sơn,88,
53S7736,HTX Thanh Sơn,88,
53S7770,HTX Thanh Sơn,88,
53S7775,HTX Thanh Sơn,88,
53S7803,HTX Thanh Sơn,88,
53S7828,HTX Thanh Sơn,88,
53S7831,HTX Thanh Sơn,88,
53S7832,HTX Thanh Sơn,88,
53S7835,HTX Thanh Sơn,88,
53S7852,HTX Thanh Sơn,88,
53S7855,HTX Thanh Sơn,88,
53S7857,HTX Thanh Sơn,88,
53S7887,HTX Thanh Sơn,88,
53S7895,HTX Thanh Sơn,88,
51B06312,HTX Thanh Sơn,99,
51B06346,HTX Thanh Sơn,99,
51B06343,HTX Thanh Sơn,99,
51B06367,HTX Thanh Sơn,99,
51B06336,HTX Thanh Sơn,99,
51B06446,HTX Thanh Sơn,99,
51B06432,HTX Thanh Sơn,99,
51B06375,HTX Thanh Sơn,99,
51B06402,HTX Thanh Sơn,99,
51B06503,HTX Thanh Sơn,99,
51B06360,HTX Thanh Sơn,99,
51B06369,HTX Thanh Sơn,99,
51B06392,HTX Thanh Sơn,99,
51B06400,HTX Thanh Sơn,99,
51B06436,HTX Thanh Sơn,99,
51B06337,HTX Thanh Sơn,99,
51B06309,HTX Thanh Sơn,99,
51B06430,HTX Thanh Sơn,99,
51B06396,HTX Thanh Sơn,99,
51B06560,HTX Thanh Sơn,99,
51B16477,HTX Thanh Sơn,127,
51B16794,HTX Thanh Sơn,127,
51B40148,HTX Thanh Sơn,127,
51B40134,HTX Thanh Sơn,127,
51B16450,HTX Thanh Sơn,127,
51B16537,HTX Thanh Sơn,127,
51B16513,HTX Thanh Sơn,127,
51B16483,HTX Thanh Sơn,128,
51B16530,HTX Thanh Sơn,128,
51B15961,HTX Thanh Sơn,128,
51B16030,HTX Thanh Sơn,128,
51B16083,HTX Thanh Sơn,128,
51B16060,HTX Thanh Sơn,128,
51B16149,HTX Thanh Sơn,128,
51B22350,HTX Thanh Sơn,146,
51B22467,HTX Thanh Sơn,146,
51B20606,HTX Thanh Sơn,146,
51B20762,HTX Thanh Sơn,146,
51B20556,HTX Thanh Sơn,146,
51B20567,HTX Thanh Sơn,146,
51B22428,HTX Thanh Sơn,146,
51B20677,HTX Thanh Sơn,146,
51B21915,HTX Thanh Sơn,146,
51B22403,HTX Thanh Sơn,146,
51B22489,HTX Thanh Sơn,146,
51B20796,HTX Thanh Sơn,146,
51B22432,HTX Thanh Sơn,146,
51B20427,HTX Thanh Sơn,146,
51B22490,HTX Thanh Sơn,146,
51B06552,HTX 15,57,
51B06540,HTX 15,57,
51B06335,HTX 15,57,
51B06326,HTX 15,57,
51B06570,HTX 15,57,
51B06521,HTX 15,57,
51B06576,HTX 15,57,
51B06444,HTX 15,57,
51B16160,HTX 15,76,
51B16244,HTX 15,76,
51B16357,HTX 15,76,
51B16399,HTX 15,76,
51B16462,HTX 15,76,
51B16475,HTX 15,76,
51B16501,HTX 15,76,
51B16516,HTX 15,76,
51B16536,HTX 15,76,
51B16545,HTX 15,76,
51B16551,HTX 15,76,
51B16580,HTX 15,76,
51B16591,HTX 15,76,
51B16594,HTX 15,76,
51B16695,HTX 15,76,
51B16753,HTX 15,76,
51B16383,HTX 15,89,
51B16426,HTX 15,89,
51B16547,HTX 15,89,
51B16548,HTX 15,89,
51B16581,HTX 15,89,
51B16606,HTX 15,89,
51B16631,HTX 15,89,
51B16637,HTX 15,89,
51B16648,HTX 15,89,
51B16663,HTX 15,89,
51B16668,HTX 15,89,
51B16681,HTX 15,89,
51B25237,HTX 15,89,
51B25318,HTX 15,89,
51B02024,HTX 15,141,
51B06541,HTX 15,141,
51B08374,HTX 15,141,
51B08514,HTX 15,141,
51B16224,HTX 15,141,
51B16596,HTX 15,141,
51B16677,HTX 15,141,
53N9672,HTX 15,141,
53N9674,HTX 15,141,
51B32764,HTX 15,141,
53N9683,HTX 15,141,
53N9691,HTX 15,141,
53N9696,HTX 15,141,
53N9697,HTX 15,141,
53N9830,HTX 15,141,
53S1804,HTX 15,141,
51B40122,HTX 15,141,
53N6693,HTX 15,141,
53N6694,HTX 15,141,
53N6708,HTX 15,141,
51B03749,HTX 15,141,
51B04483,HTX 15,141,
51B04598,HTX 15,141,
51B04675,HTX 15,141,
51B06389,HTX 15,141,
51B05264,HTX 15,141,
51B06593,HTX 15,141,
51B10527,HTX 15,141,
51B15954,HTX 15,141,
53N4034,HTX Quyết Thắng,6,
53N3647,HTX Quyết Thắng,6,
53N3331,HTX Quyết Thắng,6,
53N4815,HTX Quyết Thắng,6,
53N4375,HTX Quyết Thắng,6,
53N8557,HTX Quyết Thắng,6,
53N3424,HTX Quyết Thắng,6,
53N3746,HTX Quyết Thắng,6,
53N3323,HTX Quyết Thắng,6,
53N6176,HTX Quyết Thắng,6,
53N6179,HTX Quyết Thắng,6,
53N6394,HTX Quyết Thắng,6,
53N4339,HTX Quyết Thắng,6,
53N4332,HTX Quyết Thắng,6,
53N4338,HTX Quyết Thắng,6,
53N3792,HTX Quyết Thắng,6,
53N5307,HTX Quyết Thắng,6,
53N4052,HTX Quyết Thắng,10,
51B50233,HTX Quyết Thắng,10,
53N4057,HTX Quyết Thắng,10,
53N4058,HTX Quyết Thắng,10,
53N4059,HTX Quyết Thắng,10,
53N4060,HTX Quyết Thắng,10,
53N4068,HTX Quyết Thắng,10,
53N4070,HTX Quyết Thắng,10,
53N4071,HTX Quyết Thắng,10,
53N4116,HTX Quyết Thắng,10,
53N4220,HTX Quyết Thắng,10,
53N4811,HTX Quyết Thắng,10,
53N4953,HTX Quyết Thắng,10,
51B16762,HTX Quyết Thắng,10,
51B16085,HTX Quyết Thắng,8,
51B16306,HTX Quyết Thắng,8,
51B16309,HTX Quyết Thắng,8,
51B16327,HTX Quyết Thắng,8,
51B16471,HTX Quyết Thắng,8,
51B16482,HTX Quyết Thắng,8,
51B16496,HTX Quyết Thắng,8,
51B16498,HTX Quyết Thắng,8,
51B16560,HTX Quyết Thắng,8,
51B16590,HTX Quyết Thắng,8,
51B16612,HTX Quyết Thắng,8,
51B16649,HTX Quyết Thắng,8,
51B16655,HTX Quyết Thắng,8,
51B16662,HTX Quyết Thắng,8,
51B16682,HTX Quyết Thắng,8,
51B20832,HTX Quyết Thắng,8,
51B20853,HTX Quyết Thắng,8,
51B20861,HTX Quyết Thắng,8,
51B20897,HTX Quyết Thắng,8,
51B20959,HTX Quyết Thắng,8,
51B22944,HTX Quyết Thắng,8,
51B23180,HTX Quyết Thắng,8,
51B23203,HTX Quyết Thắng,8,
51B23204,HTX Quyết Thắng,8,
51B23225,HTX Quyết Thắng,8,
51B23230,HTX Quyết Thắng,8,
51B23232,HTX Quyết Thắng,8,
51B23243,HTX Quyết Thắng,8,
51B23244,HTX Quyết Thắng,8,
51B23255,HTX Quyết Thắng,8,
51B23261,HTX Quyết Thắng,8,
51B23264,HTX Quyết Thắng,8,
51B23275,HTX Quyết Thắng,8,
51B23329,HTX Quyết Thắng,8,
51B23332,HTX Quyết Thắng,8,
51B23362,HTX Quyết Thắng,8,
51B23382,HTX Quyết Thắng,8,
51B23388,HTX Quyết Thắng,8,
51B30811,HTX Quyết Thắng,8,
51B31005,HTX Quyết Thắng,8,
51B31024,HTX Quyết Thắng,8,
51B31039,HTX Quyết Thắng,8,
51B31048,HTX Quyết Thắng,8,
51B31055,HTX Quyết Thắng,8,
51B31079,HTX Quyết Thắng,8,
51B31100,HTX Quyết Thắng,8,
51B31104,HTX Quyết Thắng,8,
51B31105,HTX Quyết Thắng,8,
51B31107,HTX Quyết Thắng,8,
51B31113,HTX Quyết Thắng,8,
51B31148,HTX Quyết Thắng,8,
51B31167,HTX Quyết Thắng,8,
51B31168,HTX Quyết Thắng,8,
51B31177,HTX Quyết Thắng,8,
51B31182,HTX Quyết Thắng,8,
51B31190,HTX Quyết Thắng,8,
51B31196,HTX Quyết Thắng,8,
51B31198,HTX Quyết Thắng,8,
51B24922,HTX Quyết Thắng,53,
51B25052,HTX Quyết Thắng,53,
51B25064,HTX Quyết Thắng,53,
51B25096,HTX Quyết Thắng,53,
51B25104,HTX Quyết Thắng,53,
51B25108,HTX Quyết Thắng,53,
51B25111,HTX Quyết Thắng,53,
51B25139,HTX Quyết Thắng,53,
51B25140,HTX Quyết Thắng,53,
51B25149,HTX Quyết Thắng,53,
51B25179,HTX Quyết Thắng,53,
51B25187,HTX Quyết Thắng,53,
51B25189,HTX Quyết Thắng,53,
51B25202,HTX Quyết Thắng,53,
51B25244,HTX Quyết Thắng,53,
51B25254,HTX Quyết Thắng,53,
51B25284,HTX Quyết Thắng,53,
51B25332,HTX Quyết Thắng,53,
51B25341,HTX Quyết Thắng,53,
51B25346,HTX Quyết Thắng,53,
51B25368,HTX Quyết Thắng,53,
51B26405,HTX Quyết Thắng,53,
51B26488,HTX Quyết Thắng,53,
51B26498,HTX Quyết Thắng,53,
51B26538,HTX Quyết Thắng,53,
51B26593,HTX Quyết Thắng,53,
51B26447,HTX Quyết Thắng,56,
51B26475,HTX Quyết Thắng,56,
51B26490,HTX Quyết Thắng,56,
51B26549,HTX Quyết Thắng,56,
51B26605,HTX Quyết Thắng,56,
51B26616,HTX Quyết Thắng,56,
51B26619,HTX Quyết Thắng,56,
51B26643,HTX Quyết Thắng,56,
51B26647,HTX Quyết Thắng,56,
51B26653,HTX Quyết Thắng,56,
51B26662,HTX Quyết Thắng,56,
51B26665,HTX Quyết Thắng,56,
51B26676,HTX Quyết Thắng,56,
51B26679,HTX Quyết Thắng,56,
51B26684,HTX Quyết Thắng,56,
51B26717,HTX Quyết Thắng,56,
51B26725,HTX Quyết Thắng,56,
51B26732,HTX Quyết Thắng,56,
51B26737,HTX Quyết Thắng,56,
51B26740,HTX Quyết Thắng,56,
51B26744,HTX Quyết Thắng,56,
51B26758,HTX Quyết Thắng,56,
51B26764,HTX Quyết Thắng,56,
51B26768,HTX Quyết Thắng,56,
51B26780,HTX Quyết Thắng,56,
51B26786,HTX Quyết Thắng,56,
51B26797,HTX Quyết Thắng,56,
53N3656,HTX Quyết Thắng,5,
53N3877,HTX Quyết Thắng,5,
53N3959,HTX Quyết Thắng,5,
53N6496,HTX Quyết Thắng,5,
53N7371,HTX Quyết Thắng,5,
51B03424,HTX Quyết Thắng,5,
51B03425,HTX Quyết Thắng,5,
51B21772,XKSG,7,
51B21746,XKSG,7,
51B21688,XKSG,7,
51B21714,XKSG,7,
51B21761,XKSG,7,
51B21446,XKSG,7,
51B21744,XKSG,7,
51B21657,XKSG,7,
51B21499,XKSG,7,
51B21596,XKSG,7,
51B21684,XKSG,7,
51B21403,XKSG,7,
51B21579,XKSG,7,
51B21777,XKSG,7,
51B20678,XKSG,27,
51B20866,XKSG,27,
51B20883,XKSG,27,
51B20848,XKSG,27,
51B20982,XKSG,27,
51B20209,XKSG,27,
51B21159,XKSG,27,
51B20419,XKSG,27,
51B20613,XKSG,27,
51B20842,XKSG,27,
51B20849,XKSG,27,
51B20931,XKSG,27,
51B20871,XKSG,27,
51B20900,XKSG,27,
51B20899,XKSG,27,
51B20923,XKSG,27,
51B25300,XKSG,27,
51B25423,XKSG,27,
51B20413,XKSG,27,
51B21804,XKSG,28,
51B21620,XKSG,28,
51B22147,XKSG,28,
51B22020,XKSG,28,
51B22391,XKSG,28,
51B22168,XKSG,28,
51B22030,XKSG,28,
51B22078,XKSG,28,
51B22199,XKSG,28,
51B21895,XKSG,28,
51B22011,XKSG,28,
51B22160,XKSG,28,
51B22130,XKSG,28,
51B22070,XKSG,28,
51B22031,XKSG,28,
51B22007,XKSG,28,
51B22017,XKSG,28,
51B22075,XKSG,28,
51B21902,XKSG,28,
51B22101,XKSG,28,
51B02536,XKSG,30,
51B02541,XKSG,30,
51B02542,XKSG,30,
51B02543,XKSG,30,
51B02544,XKSG,30,
51B02545,XKSG,30,
51B02546,XKSG,30,
51B02547,XKSG,30,
51B02548,XKSG,30,
51B02549,XKSG,30,
51B02550,XKSG,30,
51B02551,XKSG,30,
51B02552,XKSG,30,
51B02553,XKSG,30,
51B02554,XKSG,30,
51B02555,XKSG,30,
51B02565,XKSG,30,
51B02575,XKSG,30,
51B02577,XKSG,30,
51B02578,XKSG,30,
51B02579,XKSG,30,
51B20665,XKSG,31,
51B20682,XKSG,31,
51B20795,XKSG,31,
51B20805,XKSG,31,
51B20806,XKSG,31,
51B20816,XKSG,31,
51B20836,XKSG,31,
51B20864,XKSG,31,
51B20884,XKSG,31,
51B20905,XKSG,31,
51B20909,XKSG,31,
51B20954,XKSG,31,
51B20964,XKSG,31,
51B20965,XKSG,31,
51B20975,XKSG,31,
51B20977,XKSG,31,
51B20999,XKSG,31,
51B21608,XKSG,36,
51B21619,XKSG,36,
51B21691,XKSG,36,
51B21800,XKSG,36,
51B21822,XKSG,36,
51B21827,XKSG,36,
51B21837,XKSG,36,
51B21840,XKSG,36,
51B21868,XKSG,36,
51B21874,XKSG,36,
51B21891,XKSG,36,
51B21914,XKSG,36,
51B21918,XKSG,36,
51B21920,XKSG,36,
51B21932,XKSG,36,
51B21947,XKSG,36,
51B21955,XKSG,36,
51B21959,XKSG,36,
51B21733,XKSG,36,
51B22469,XKSG,38,
51B22466,XKSG,38,
51B22528,XKSG,38,
51B22582,XKSG,38,
51B22482,XKSG,38,
51B22284,XKSG,38,
51B22521,XKSG,38,
51B22580,XKSG,38,
51B22516,XKSG,38,
51B22501,XKSG,38,
51B22535,XKSG,38,
51B22590,XKSG,38,
51B24414,XKSG,39,
51B24571,XKSG,39,
51B24688,XKSG,39,
51B24739,XKSG,39,
51B24685,XKSG,39,
51B24619,XKSG,39,
51B24683,XKSG,39,
51B24453,XKSG,39,
51B24733,XKSG,39,
51B24659,XKSG,39,
51B24792,XKSG,39,
51B24744,XKSG,39,
51B24690,XKSG,39,
51B25124,XKSG,45,
51B25209,XKSG,45,
51B25333,XKSG,45,
51B25337,XKSG,45,
51B25375,XKSG,45,
51B25410,XKSG,45,
51B25429,XKSG,45,
51B25433,XKSG,45,
51B25448,XKSG,45,
51B25461,XKSG,45,
51B25480,XKSG,45,
51B25486,XKSG,45,
51B25495,XKSG,45,
51B25496,XKSG,45,
51B25501,XKSG,45,
51B25503,XKSG,45,
51B25507,XKSG,45,
51B25535,XKSG,45,
51B25537,XKSG,45,
51B25541,XKSG,45,
51B24492,XKSG,50,
51B24545,XKSG,50,
51B24541,XKSG,50,
51B24788,XKSG,50,
51B24783,XKSG,50,
51B24480,XKSG,50,
51B24550,XKSG,50,
51B24679,XKSG,50,
51B24201,XKSG,50,
51B24470,XKSG,50,
51B24527,XKSG,50,
51B24639,XKSG,50,
53N4285,XKSG,50,
53N4911,XKSG,50,
53N4960,XKSG,50,
53N4964,XKSG,50,
53N4973,XKSG,50,
53N4990,XKSG,50,
53N5020,XKSG,50,
53N5054,XKSG,50,
51B26267,XKSG,50,
51B28823,XKSG,50,
51B26109,XKSG,50,
51B26345,XKSG,50,
51B31233,XKSG,50,
51B31315,XKSG,50,
51B21686,XKSG,52,
51B21696,XKSG,52,
51B21547,XKSG,52,
51B21413,XKSG,52,
51B21649,XKSG,38,
51B21857,XKSG,38,
51B21933,XKSG,52,
51B21957,XKSG,52,
51B21718,XKSG,52,
51B21841,XKSG,52,
51B22125,XKSG,52,
51B22380,XKSG,52,
51B16393,XKSG,52,
53N4417,XKSG,52,
53N4550,XKSG,52,
53N4981,XKSG,52,
53N5003,XKSG,52,
53N5034,XKSG,52,
53N5062,XKSG,52,
53N4204,XKSG,52,
53N5051,XKSG,52,
51B28702,XKSG,52,
53N5074,XKSG,52,
50F00208,XKSG,55,
50F00209,XKSG,55,
50F00211,XKSG,55,
50F00212,XKSG,55,
50F00218,XKSG,55,
50F00224,XKSG,55,
50F00228,XKSG,55,
50F00231,XKSG,55,
50F00235,XKSG,55,
50F00237,XKSG,55,
50F00238,XKSG,55,
50F00241,XKSG,55,
50F00264,XKSG,55,
50F00276,XKSG,55,
50F00278,XKSG,55,
50F00298,XKSG,55,
50F00300,XKSG,55,
51B32490,XKSG,55,
51B32493,XKSG,55,
51B32634,XKSG,55,
51B32805,XKSG,55,
51B32819,XKSG,55,
51B32833,XKSG,55,
51B32839,XKSG,55,
51B32888,XKSG,55,
51B32895,XKSG,55,
51B32903,XKSG,55,
51B32912,XKSG,55,
51B32931,XKSG,55,
51B32932,XKSG,55,
51B32937,XKSG,55,
51B32958,XKSG,55,
51B32959,XKSG,55,
51B32961,XKSG,55,
51B32977,XKSG,55,
51B22453,XKSG,62,
51B22540,XKSG,62,
51B22465,XKSG,62,
51B22226,XKSG,62,
51B22548,XKSG,62,
51B22577,XKSG,62,
51B22488,XKSG,62,
51B22583,XKSG,62,
51B24655,XKSG,62,
51B22420,XKSG,62,
51B22539,XKSG,62,
51B22592,XKSG,62,
51B22204,XKSG,62,
51B22479,XKSG,62,
51B22486,XKSG,62,
51B22427,XKSG,62,
51B22483,XKSG,62,
51B22413,XKSG,64,
51B22494,XKSG,64,
51B22510,XKSG,64,
51B22515,XKSG,64,
51B22292,XKSG,64,
51B22378,XKSG,64,
51B22387,XKSG,64,
51B22433,XKSG,64,
51B22444,XKSG,64,
51B22454,XKSG,64,
51B22476,XKSG,64,
51B22497,XKSG,64,
51B22589,XKSG,64,
51B22389,XKSG,71,
51B22134,XKSG,71,
51B21887,XKSG,71,
51B22286,XKSG,71,
51B22347,XKSG,71,
51B22239,XKSG,71,
51B21818,XKSG,71,
51B22336,XKSG,71,
51B22294,XKSG,71,
51B22287,XKSG,71,
51B22205,XKSG,71,
51B22335,XKSG,71,
51B22275,XKSG,71,
51B22368,XKSG,91,
51B22250,XKSG,91,
51B22375,XKSG,91,
51B22216,XKSG,91,
51B22295,XKSG,91,
51B22074,XKSG,91,
51B22257,XKSG,91,
51B22351,XKSG,91,
51B21809,XKSG,91,
51B22308,XKSG,91,
51B22122,XKSG,91,
51B22169,XKSG,91,
51B22330,XKSG,91,
51B21611,XKSG,91,
51B21873,XKSG,91,
51B22266,XKSG,91,
53N4282,XKSG,91,
53N4982,XKSG,91,
53N4993,XKSG,91,
53N4999,XKSG,91,
53N5075,XKSG,91,
53N5080,XKSG,91,
53N5081,XKSG,91,
51B16533,XKSG,91,
51B28870,XKSG,91,
51B25523,XKSG,93,
51B20794,XKSG,93,
51B20803,XKSG,93,
51B20979,XKSG,93,
51B21012,XKSG,93,
51B21041,XKSG,93,
51B21044,XKSG,93,
51B21050,XKSG,93,
51B21096,XKSG,93,
51B21111,XKSG,93,
51B21137,XKSG,93,
51B21182,XKSG,93,
51B21192,XKSG,93,
51B25417,XKSG,93,
51B25471,XKSG,93,
50F00240,XKSG,93,
50F00262,XKSG,93,
50F00277,XKSG,93,
50F00292,XKSG,93,
51B24220,XKSG,103,
51B22043,XKSG,103,
51B22091,XKSG,103,
51B22008,XKSG,103,
51B22165,XKSG,103,
51B22051,XKSG,103,
51B22190,XKSG,103,
51B21811,XKSG,103,
51B22016,XKSG,103,
51B22107,XKSG,103,
51B22113,XKSG,103,
51B22177,XKSG,103,
51B22182,XKSG,103,
51B22019,XKSG,103,
51B22038,XKSG,103,
51B22180,XKSG,103,
51B22529,XKSG,139,
51B22523,XKSG,139,
51B22437,XKSG,139,
51B22563,XKSG,139,
51B22377,XKSG,139,
51B22504,XKSG,139,
51B22475,XKSG,139,
51B22520,XKSG,139,
51B22312,XKSG,139,
51B22487,XKSG,139,
51B22511,XKSG,139,
51B22549,XKSG,139,
51B22320,XKSG,139,
51B21808,XKSG,139,
51B22408,XKSG,139,
51B22451,XKSG,139,
51B25093,XKSG,148,
51B25154,XKSG,148,
51B25438,XKSG,148,
51B25459,XKSG,148,
51B25475,XKSG,148,
51B25485,XKSG,148,
51B25497,XKSG,148,
51B25513,XKSG,148,
51B25527,XKSG,148,
51B25531,XKSG,148,
51B25539,XKSG,148,
51B25551,XKSG,148,
51B25590,XKSG,148,
51B25597,XKSG,148,
51B28673,CTY CP VTTP,69,68
51B28952,CTY CP VTTP,69,68
51B29077,CTY CP VTTP,69,68
51B29208,CTY CP VTTP,69,68
51B29240,CTY CP VTTP,69,68
51B25251,CTY CP VTTP,59,
51B16455,CTY CP VTTP,72,
51B25270,CTY CP VTTP,59,
51B25289,CTY CP VTTP,59,
51B25290,CTY CP VTTP,59,
51B40137,CTY CP VTTP,72,
51B25294,CTY CP VTTP,59,
51B25297,CTY CP VTTP,59,
51B25303,CTY CP VTTP,59,
51B25312,CTY CP VTTP,59,
51B25325,CTY CP VTTP,59,
51B25330,CTY CP VTTP,59,
51B25335,CTY CP VTTP,59,
51B24727,CTY CP VTTP,59,102
51B25376,CTY CP VTTP,59,
51B25384,CTY CP VTTP,59,
51B25219,CTY CP VTTP,59,102
51B25396,CTY CP VTTP,59,
51B25222,CTY CP VTTP,59,102
51B27055,CTY CP VTTP,59,
51B27104,CTY CP VTTP,59,
51B15524,CTY CP VTTP,68,
51B18892,CTY CP VTTP,68,
51B19935,CTY CP VTTP,68,
51B20582,CTY CP VTTP,68,
51B23905,CTY CP VTTP,68,
53N4730,CTY CP VTTP,68,
53N6621,CTY CP VTTP,68,
53N6626,CTY CP VTTP,68,
53N6627,CTY CP VTTP,68,
53N7168,CTY CP VTTP,68,
53N7169,CTY CP VTTP,68,
53N7170,CTY CP VTTP,68,
53N7173,CTY CP VTTP,68,
51B28638,CTY CP VTTP,69,
51B25233,CTY CP VTTP,59,102
51B28801,CTY CP VTTP,69,
51B25242,CTY CP VTTP,59,102
51B28977,CTY CP VTTP,69,
51B29005,CTY CP VTTP,69,
51B29006,CTY CP VTTP,69,
51B29021,CTY CP VTTP,69,
51B29028,CTY CP VTTP,69,
51B29042,CTY CP VTTP,69,
51B25257,CTY CP VTTP,59,102
51B29159,CTY CP VTTP,69,
51B29199,CTY CP VTTP,69,
51B25291,CTY CP VTTP,59,102
51B29228,CTY CP VTTP,69,
51B25373,CTY CP VTTP,59,102
51B29294,CTY CP VTTP,69,
51B29306,CTY CP VTTP,69,
51B29311,CTY CP VTTP,69,
51B16546,CTY CP VTTP,72,
51B16556,CTY CP VTTP,72,
51B16561,CTY CP VTTP,72,
51B16570,CTY CP VTTP,72,
51B16605,CTY CP VTTP,72,
51B16654,CTY CP VTTP,72,
51B16252,CTY CP VTTP,72,
51B16334,CTY CP VTTP,72,
51B16382,CTY CP VTTP,72,
51B25394,CTY CP VTTP,59,102
51B16468,CTY CP VTTP,72,
51B16509,CTY CP VTTP,72,
51B16562,CTY CP VTTP,72,
51B25397,CTY CP VTTP,59,102
51B16583,CTY CP VTTP,72,
51B16614,CTY CP VTTP,72,
51B16647,CTY CP VTTP,72,
51B16711,CTY CP VTTP,72,
51B40110,CTY CP VTTP,72,
51B16568,CTY CP VTTP,72,
51B27853,CTY CP VTTP,72,
51B28274,CTY CP VTTP,72,
51B07260,CTY CP VTTP,86,
51B07341,CTY CP VTTP,86,
51B08154,CTY CP VTTP,86,
51B09469,CTY CP VTTP,86,
51B09502,CTY CP VTTP,86,
51B09697,CTY CP VTTP,86,
51B09732,CTY CP VTTP,86,
51B09829,CTY CP VTTP,86,
51B09860,CTY CP VTTP,86,
51B09869,CTY CP VTTP,86,
51B09914,CTY CP VTTP,86,
51B14667,CTY CP VTTP,86,
53N4101,CTY CP VTTP,102,
53N4302,CTY CP VTTP,102,
53N4483,CTY CP VTTP,102,
53N5974,CTY CP VTTP,102,
53N5975,CTY CP VTTP,102,
53N6202,CTY CP VTTP,102,
53N6204,CTY CP VTTP,102,
53N6205,CTY CP VTTP,102,
53N6211,CTY CP VTTP,102,
53N6212,CTY CP VTTP,102,
51B30036,HTX 19/5,3,23
51B30037,HTX 19/5,3,23
51B30045,HTX 19/5,3,23
51B30158,HTX 19/5,3,23
51B30233,HTX 19/5,3,23
51B30324,HTX 19/5,3,23
51B30349,HTX 19/5,3,23
51B30404,HTX 19/5,3,23
51B30412,HTX 19/5,3,23
51B30415,HTX 19/5,3,23
51B30418,HTX 19/5,3,23
51B30430,HTX 19/5,3,23
51B30440,HTX 19/5,3,23
51B30448,HTX 19/5,3,23
51B30449,HTX 19/5,3,23
51B30452,HTX 19/5,3,23
51B30458,HTX 19/5,3,23
51B30491,HTX 19/5,3,23
51B30500,HTX 19/5,3,23
51B30505,HTX 19/5,3,23
51B30508,HTX 19/5,3,23
51B30509,HTX 19/5,3,23
51B30510,HTX 19/5,3,23
51B30511,HTX 19/5,3,23
51B30526,HTX 19/5,3,23
51B30528,HTX 19/5,3,23
51B30529,HTX 19/5,3,23
51B30534,HTX 19/5,3,23
51B30554,HTX 19/5,3,23
51B30555,HTX 19/5,3,23
51B30560,HTX 19/5,3,23
51B30573,HTX 19/5,3,23
51B30597,HTX 19/5,3,23
51B30599,HTX 19/5,3,23
51B30870,HTX 19/5,3,
51B30879,HTX 19/5,3,
51B05663,HTX 19/5,18,
51B05664,HTX 19/5,18,
51B05670,HTX 19/5,18,
51B05671,HTX 19/5,18,
51B05672,HTX 19/5,18,
51B05673,HTX 19/5,18,
51B05674,HTX 19/5,18,
51B05675,HTX 19/5,18,
51B05676,HTX 19/5,18,
51B05677,HTX 19/5,18,
51B05680,HTX 19/5,18,
51B05681,HTX 19/5,18,
51B05682,HTX 19/5,18,
51B05683,HTX 19/5,18,
51B05684,HTX 19/5,18,
51B05685,HTX 19/5,18,
51B05686,HTX 19/5,18,
51B05687,HTX 19/5,18,
51B05690,HTX 19/5,18,
51B05691,HTX 19/5,18,
51B05692,HTX 19/5,18,
51B05693,HTX 19/5,18,
51B05694,HTX 19/5,18,
51B05695,HTX 19/5,18,
51B05696,HTX 19/5,18,
51B31980,HTX 19/5,19,
51B32105,HTX 19/5,19,
51B32148,HTX 19/5,19,
51B32177,HTX 19/5,19,
51B32200,HTX 19/5,19,
51B32210,HTX 19/5,19,
51B32217,HTX 19/5,19,
51B32231,HTX 19/5,19,
51B32257,HTX 19/5,19,
51B32261,HTX 19/5,19,
51B32265,HTX 19/5,19,
51B32280,HTX 19/5,19,
51B32283,HTX 19/5,19,
51B32294,HTX 19/5,19,
51B32320,HTX 19/5,19,
51B32327,HTX 19/5,19,
51B32335,HTX 19/5,19,
51B32340,HTX 19/5,19,
51B32350,HTX 19/5,19,
51B32354,HTX 19/5,19,
51B32372,HTX 19/5,19,
51B32373,HTX 19/5,19,
51B32391,HTX 19/5,19,
51B32130,HTX 19/5,19,
51B32132,HTX 19/5,19,
51B32167,HTX 19/5,19,
51B32241,HTX 19/5,19,
51B32275,HTX 19/5,19,
51B32345,HTX 19/5,19,
51B30061,HTX 19/5,23,3
51B30100,HTX 19/5,23,3
51B30118,HTX 19/5,23,3
51B30119,HTX 19/5,23,3
51B30175,HTX 19/5,23,3
51B30205,HTX 19/5,23,3
51B30209,HTX 19/5,23,3
51B30230,HTX 19/5,23,3
51B30231,HTX 19/5,23,3
51B30244,HTX 19/5,23,3
51B30249,HTX 19/5,23,3
51B30253,HTX 19/5,23,3
51B30273,HTX 19/5,23,3
51B30274,HTX 19/5,23,3
51B30277,HTX 19/5,23,3
51B30319,HTX 19/5,23,3
51B30325,HTX 19/5,23,3
51B30344,HTX 19/5,23,3
51B30360,HTX 19/5,23,3
51B30363,HTX 19/5,23,3
51B30380,HTX 19/5,23,3
51B30383,HTX 19/5,23,3
51B30838,HTX 19/5,23,3
51B30865,HTX 19/5,23,3
51B08736,HTX 19/5,24,145
51B08746,HTX 19/5,24,145
51B08881,HTX 19/5,24,145
51B08983,HTX 19/5,24,145
51B08991,HTX 19/5,24,145
51B08992,HTX 19/5,24,145
51B09023,HTX 19/5,24,145
51B09038,HTX 19/5,24,145
51B09086,HTX 19/5,24,145
51B09088,HTX 19/5,24,145
51B30106,HTX 19/5,24,94
51B30409,HTX 19/5,24,
51B30436,HTX 19/5,24,
51B30456,HTX 19/5,24,
51B30462,HTX 19/5,24,
51B30469,HTX 19/5,24,
51B30582,HTX 19/5,24,
51B30605,HTX 19/5,24,94
51B30608,HTX 19/5,24,
51B30610,HTX 19/5,24,
51B30611,HTX 19/5,24,
51B30620,HTX 19/5,24,
51B30621,HTX 19/5,24,145
51B30663,HTX 19/5,24,
51B30671,HTX 19/5,24,94
51B30674,HTX 19/5,24,
51B30675,HTX 19/5,24,
51B30677,HTX 19/5,24,94
51B30678,HTX 19/5,24,145
51B30681,HTX 19/5,24,
51B30683,HTX 19/5,24,
51B30702,HTX 19/5,24,94
51B30704,HTX 19/5,24,
51B30711,HTX 19/5,24,
51B30715,HTX 19/5,24,
51B30716,HTX 19/5,24,
51B30719,HTX 19/5,24,
51B30720,HTX 19/5,24,94
51B30722,HTX 19/5,24,
51B30723,HTX 19/5,24,
51B30744,HTX 19/5,24,145
51B30748,HTX 19/5,24,145
51B30751,HTX 19/5,24,145
51B30759,HTX 19/5,24,145
51B30764,HTX 19/5,24,145
51B30768,HTX 19/5,24,145
51B30771,HTX 19/5,24,145
51B30778,HTX 19/5,24,
51B30779,HTX 19/5,24,
51B30793,HTX 19/5,24,
51B08823,HTX 19/5,33,
51B05727,HTX 19/5,33,
51B09219,HTX 19/5,33,
51B09409,HTX 19/5,33,
51B09450,HTX 19/5,33,
51B09547,HTX 19/5,33,
51B09608,HTX 19/5,33,
51B09673,HTX 19/5,33,
51B11374,HTX 19/5,33,
51B11418,HTX 19/5,33,
51B11425,HTX 19/5,33,
51B11476,HTX 19/5,33,
51B11775,HTX 19/5,33,
51B11845,HTX 19/5,33,
51B11872,HTX 19/5,33,
51B11877,HTX 19/5,33,
51B12334,HTX 19/5,33,
51B12416,HTX 19/5,33,
51B12455,HTX 19/5,33,
51B14063,HTX 19/5,33,
51B14076,HTX 19/5,33,
51B14386,HTX 19/5,33,
51B14427,HTX 19/5,33,
51B14442,HTX 19/5,33,
51B14468,HTX 19/5,33,
51B14508,HTX 19/5,33,
51B14648,HTX 19/5,33,
51B14727,HTX 19/5,33,
51B15779,HTX 19/5,33,
51B16003,HTX 19/5,33,
51B16089,HTX 19/5,33,
51B16103,HTX 19/5,33,
51B16163,HTX 19/5,33,
51B16298,HTX 19/5,33,
51B16310,HTX 19/5,33,
51B16324,HTX 19/5,33,
51B16433,HTX 19/5,33,
51B16743,HTX 19/5,33,
51B17259,HTX 19/5,33,
51B17298,HTX 19/5,33,
51B30001,HTX 19/5,33,18
51B30003,HTX 19/5,33,18
51B30032,HTX 19/5,33,
51B30049,HTX 19/5,33,
51B30063,HTX 19/5,33,
51B30065,HTX 19/5,33,
51B30067,HTX 19/5,33,
51B30077,HTX 19/5,33,
51B30080,HTX 19/5,33,
51B30101,HTX 19/5,33,
51B30116,HTX 19/5,33,
51B30131,HTX 19/5,33,
51B30136,HTX 19/5,33,
51B30154,HTX 19/5,33,
51B08770,HTX 19/5,41,
51B08791,HTX 19/5,41,
51B08849,HTX 19/5,41,
51B08859,HTX 19/5,41,
51B08869,HTX 19/5,41,
51B08929,HTX 19/5,41,
51B09029,HTX 19/5,41,
51B09037,HTX 19/5,41,
51B09073,HTX 19/5,41,
51B09093,HTX 19/5,41,
51B10974,HTX 19/5,41,78
51B11394,HTX 19/5,41,
51B11410,HTX 19/5,41,
51B11627,HTX 19/5,41,
51B12428,HTX 19/5,41,
51B21493,HTX 19/5,48,78
51B21529,HTX 19/5,48,78
51B21655,HTX 19/5,48,78
51B21678,HTX 19/5,48,78
51B21680,HTX 19/5,48,78
51B21745,HTX 19/5,48,78
51B21750,HTX 19/5,48,78
51B30216,HTX 19/5,48,78
51B30421,HTX 19/5,48,78
51B30461,HTX 19/5,48,78
51B30531,HTX 19/5,48,78
51B30584,HTX 19/5,48,78
51B30626,HTX 19/5,48,78
51B30636,HTX 19/5,48,78
51B30638,HTX 19/5,48,78
51B30676,HTX 19/5,48,78
51B30690,HTX 19/5,48,78
51B30691,HTX 19/5,48,78
51B30757,HTX 19/5,48,78
51B30761,HTX 19/5,48,78
51B30775,HTX 19/5,48,78
51B30783,HTX 19/5,48,78
51B30799,HTX 19/5,48,78
51B40011,HTX 19/5,70,
51B40034,HTX 19/5,70,
51B40184,HTX 19/5,70,
51B40214,HTX 19/5,70,
51B40222,HTX 19/5,70,
51B40230,HTX 19/5,70,
51B40231,HTX 19/5,70,
51B40259,HTX 19/5,70,
51B40290,HTX 19/5,70,
51B40299,HTX 19/5,70,
51B40326,HTX 19/5,70,
51B40330,HTX 19/5,70,
51B40342,HTX 19/5,70,
51B40347,HTX 19/5,70,
51B40392,HTX 19/5,70,
51B30419,HTX 19/5,85,
51B30647,HTX 19/5,85,
51B30687,HTX 19/5,85,
51B30731,HTX 19/5,85,
51B30806,HTX 19/5,85,
51B30820,HTX 19/5,85,
51B30857,HTX 19/5,85,
51B30861,HTX 19/5,85,
51B30892,HTX 19/5,85,
51B30916,HTX 19/5,85,
51B30941,HTX 19/5,85,
51B30942,HTX 19/5,85,
51B30947,HTX 19/5,85,
51B30955,HTX 19/5,85,
51B30956,HTX 19/5,85,
51B30957,HTX 19/5,85,
51B30008,HTX 19/5,87,107
51B30017,HTX 19/5,87,107
51B30031,HTX 19/5,87,107
51B30033,HTX 19/5,87,107
51B30076,HTX 19/5,87,107
51B30078,HTX 19/5,87,107
51B30145,HTX 19/5,87,107
51B30164,HTX 19/5,87,70
51B30173,HTX 19/5,87,107
51B30191,HTX 19/5,87,107
51B30192,HTX 19/5,87,107
51B30195,HTX 19/5,87,107
53N6586,HTX 19/5,94,145
51B30627,HTX 19/5,107,126
51B30634,HTX 19/5,107,126
51B30642,HTX 19/5,107,126
51B30644,HTX 19/5,107,126
51B30646,HTX 19/5,107,126
51B30713,HTX 19/5,107,126
51B30736,HTX 19/5,107,126
51B30753,HTX 19/5,107,126
51B30772,HTX 19/5,107,126
51B40061,HTX 19/5,122,
51B40069,HTX 19/5,122,
51B40086,HTX 19/5,122,
51B40087,HTX 19/5,122,
51B40125,HTX 19/5,122,
51B40170,HTX 19/5,122,
51B40202,HTX 19/5,122,
51B40208,HTX 19/5,122,
51B40238,HTX 19/5,122,
51B40243,HTX 19/5,122,
51B40267,HTX 19/5,122,
51B40275,HTX 19/5,122,
51B40277,HTX 19/5,122,
51B40283,HTX 19/5,122,
51B40333,HTX 19/5,122,
51B40336,HTX 19/5,122,
51B40338,HTX 19/5,122,
51B40346,HTX 19/5,122,
51B40352,HTX 19/5,122,
51B40357,HTX 19/5,122,
51B40363,HTX 19/5,122,
51B40368,HTX 19/5,122,
51B40370,HTX 19/5,122,
51B40381,HTX 19/5,122,
51B30494,HTX 19/5,126,107
51B30591,HTX 19/5,126,107
51B30615,HTX 19/5,126,107
51B30631,HTX 19/5,126,107
51B30648,HTX 19/5,126,107
51B30655,HTX 19/5,126,23
51B30712,HTX 19/5,126,107
51B30738,HTX 19/5,126,107
51B30746,HTX 19/5,126,107
51B30755,HTX 19/5,126,107
51B30763,HTX 19/5,126,107
51B30773,HTX 19/5,126,107
51B30786,HTX 19/5,126,107
51B30791,HTX 19/5,126,107
51B30794,HTX 19/5,126,107
51B30795,HTX 19/5,126,107
51B30797,HTX 19/5,126,107
51B30945,HTX 19/5,126,23
51B01907,HTX 19/5,145,
53N3637,HTX 19/5,145,
53N3661,HTX 19/5,145,
53N3830,HTX 19/5,145,
53N3985,HTX 19/5,145,
53N4465,HTX 19/5,145,
53N4589,HTX 19/5,145,
53N5348,HTX 19/5,145,
53N6233,HTX 19/5,145,
53N4525,HTX 19/5,145,
53N5289,HTX 19/5,145,
53N7459,HTX 19/5,145,
51B21217,HTX 19/5,150,
51B21408,HTX 19/5,150,
51B21613,HTX 19/5,150,
51B21661,HTX 19/5,150,
51B21709,HTX 19/5,150,
51B21713,HTX 19/5,150,
51B21740,HTX 19/5,150,
51B21743,HTX 19/5,150,
51B21755,HTX 19/5,150,
51B21771,HTX 19/5,150,
51B30018,HTX 19/5,150,
51B30058,HTX 19/5,150,
51B30170,HTX 19/5,150,
51B30207,HTX 19/5,150,
51B30270,HTX 19/5,150,
51B30305,HTX 19/5,150,
51B30312,HTX 19/5,150,
51B30326,HTX 19/5,150,
51B30329,HTX 19/5,150,
51B30372,HTX 19/5,150,
51B30373,HTX 19/5,150,
51B30374,HTX 19/5,150,
51B30395,HTX 19/5,150,
51B30400,HTX 19/5,150,
51B30414,HTX 19/5,150,
51B30417,HTX 19/5,150,
51B30434,HTX 19/5,150,
51B30457,HTX 19/5,150,
51B30482,HTX 19/5,150,
51B30484,HTX 19/5,150,
51B30487,HTX 19/5,150,
51B30501,HTX 19/5,150,
51B30513,HTX 19/5,150,
51B30514,HTX 19/5,150,
51B30516,HTX 19/5,150,
51B30517,HTX 19/5,150,
51B30533,HTX 19/5,150,
51B30535,HTX 19/5,150,
51B30542,HTX 19/5,150,
51B30545,HTX 19/5,150,
51B30550,HTX 19/5,150,
51B30576,HTX 19/5,150,
51B30580,HTX 19/5,150,
51B30581,HTX 19/5,150,
51B30587,HTX 19/5,150,
51B30590,HTX 19/5,150,
51B30658,HTX 19/5,150,
51B30661,HTX 19/5,150,
51B30760,HTX 19/5,150,
51B30770,HTX 19/5,150,
50F01036,CTY Bảo Yến,1,
50F01038,CTY Bảo Yến,1,
50F01052,CTY Bảo Yến,1,
50F01064,CTY Bảo Yến,1,
50F01071,CTY Bảo Yến,1,
50F01091,CTY Bảo Yến,1,
50F01131,CTY Bảo Yến,1,
50F01154,CTY Bảo Yến,1,
50F01156,CTY Bảo Yến,1,16
50F01164,CTY Bảo Yến,1,
50F01175,CTY Bảo Yến,1,
50F01177,CTY Bảo Yến,1,
50F01006,CTY Bảo Yến,4,
50F01020,CTY Bảo Yến,4,
50F01008,CTY Bảo Yến,4,
50F01093,CTY Bảo Yến,4,
50F01016,CTY Bảo Yến,4,
50F01009,CTY Bảo Yến,4,
50F01058,CTY Bảo Yến,4,
50F01033,CTY Bảo Yến,4,
50F01089,CTY Bảo Yến,4,
50F01069,CTY Bảo Yến,4,
50F01054,CTY Bảo Yến,4,
50F01030,CTY Bảo Yến,4,
50F01086,CTY Bảo Yến,4,16
50F01056,CTY Bảo Yến,4,
50F01062,CTY Bảo Yến,4,
50F01057,CTY Bảo Yến,4,
50F01012,CTY Bảo Yến,4,
50F01573,CTY Bảo Yến,4,
50F01688,CTY Bảo Yến,4,
50F01610,CTY Bảo Yến,43,
50F01674,CTY Bảo Yến,43,
50F01695,CTY Bảo Yến,43,16
50F01650,CTY Bảo Yến,43,
50F01644,CTY Bảo Yến,43,
50F01602,CTY Bảo Yến,43,
50F01619,CTY Bảo Yến,43,
50F01697,CTY Bảo Yến,43,16
50F01666,CTY Bảo Yến,43,
50F01657,CTY Bảo Yến,43,
50F01694,CTY Bảo Yến,43,
50F01630,CTY Bảo Yến,43,
50F01564,CTY Bảo Yến,65,
50F01537,CTY Bảo Yến,65,16
50F01503,CTY Bảo Yến,65,
50F01567,CTY Bảo Yến,65,
50F01532,CTY Bảo Yến,65,16
50F01569,CTY Bảo Yến,65,
50F01565,CTY Bảo Yến,65,
50F01589,CTY Bảo Yến,65,16
50F01561,CTY Bảo Yến,65,
50F01548,CTY Bảo Yến,65,16
50F01501,CTY Bảo Yến,65,
50F01505,CTY Bảo Yến,65,
50F01520,CTY Bảo Yến,65,
50F01502,CTY Bảo Yến,65,
50F01585,CTY Bảo Yến,65,
50F01554,CTY Bảo Yến,65,16
50F01580,CTY Bảo Yến,65,
50F01077,CTY Bảo Yến,152,16
50F01094,CTY Bảo Yến,152,16
50F01100,CTY Bảo Yến,152,
50F01028,CTY Bảo Yến,152,
50F01050,CTY Bảo Yến,152,
50F01097,CTY Bảo Yến,152,
50F01049,CTY Bảo Yến,152,
50F01061,CTY Bảo Yến,152,
50F01068,CTY Bảo Yến,152,
50F01034,CTY Bảo Yến,152,
50F01053,CTY Bảo Yến,152,
50F01023,CTY Bảo Yến,152,
50F01026,CTY Bảo Yến,152,
